mcap_file_name,mcap_file_path,mcap_file_size_B,duration_s,num_images,num_imu,num_joint_states,num_joint_commands,num_game_states,num_messages
ID_donna_2024-07-19T16:30:37_0.mcap,/srv/data/data.bit-bots.de/ROSbags/robocup_2024/ID_donna_2024-07-19T16:30:37/ID_donna_2024-07-19T16:30:37_0.mcap,3827601913,689.85832,6894,14677,229438,50319,9,301337
ID_jack_2024-07-19T11:31:28_0.mcap,/srv/data/data.bit-bots.de/ROSbags/robocup_2024/ID_jack_2024-07-19T11:31:28/ID_jack_2024-07-19T11:31:28_0.mcap,4478390511,752.840411,7507,22429,238060,81748,1145,350889
ID_jack_2024-07-17T15:38:04_0.mcap,/srv/data/data.bit-bots.de/ROSbags/robocup_2024/ID_jack_2024-07-17T15:38:04/ID_jack_2024-07-17T15:38:04_0.mcap,3138210528,534.731386,5344,14663,172547,39795,653,233002
ID_rory_2024-07-18T13:29:30_0.mcap,/srv/data/data.bit-bots.de/ROSbags/robocup_2024/ID_rory_2024-07-18T13:29:30/ID_rory_2024-07-18T13:29:30_0.mcap,6697620137,1177.131614,11773,35295,432722,98340,2203,580333
ID_donna_2024-07-19T11:48:16_0.mcap,/srv/data/data.bit-bots.de/ROSbags/robocup_2024/ID_donna_2024-07-19T11:48:16/ID_donna_2024-07-19T11:48:16_0.mcap,6078742915,1052.640304,10348,27254,323056,91688,1469,453815
ID_rory_2024-07-18T13:54:46_0.mcap,/srv/data/data.bit-bots.de/ROSbags/robocup_2024/ID_rory_2024-07-18T13:54:46/ID_rory_2024-07-18T13:54:46_0.mcap,4783609692,812.466902,8121,23802,304084,87568,1094,424669
ID_jack_2024-07-20T11:08:32_0.mcap,/srv/data/data.bit-bots.de/ROSbags/robocup_2024/ID_jack_2024-07-20T11:08:32/ID_jack_2024-07-20T11:08:32_0.mcap,2690415936,519.973002,5106,15718,148721,42988,5,212538
ID_jack_2024-07-19T09:50:25_0.mcap,/srv/data/data.bit-bots.de/ROSbags/robocup_2024/ID_jack_2024-07-19T09:50:25/ID_jack_2024-07-19T09:50:25_0.mcap,2735066076,503.35115,5037,15193,161601,48047,9,229887
ID_jack_2024-07-19T17:27:57_0.mcap,/srv/data/data.bit-bots.de/ROSbags/robocup_2024/ID_jack_2024-07-19T17:27:57/ID_jack_2024-07-19T17:27:57_0.mcap,2610388254,443.492562,4436,13026,143474,39286,841,201063
ID_donna_2024-07-18T18:29:22_0.mcap,/srv/data/data.bit-bots.de/ROSbags/robocup_2024/ID_donna_2024-07-18T18:29:22/ID_donna_2024-07-18T18:29:22_0.mcap,383807564,65.272368,652,1927,19465,1656,114,23814
ID_jack_2024-07-18T18:29:35_0.mcap,/srv/data/data.bit-bots.de/ROSbags/robocup_2024/ID_jack_2024-07-18T18:29:35/ID_jack_2024-07-18T18:29:35_0.mcap,305530462,54.1694,544,1617,17347,1452,89,21049
ID_donna_2024-07-18T18:31:02_0.mcap,/srv/data/data.bit-bots.de/ROSbags/robocup_2024/ID_donna_2024-07-18T18:31:02/ID_donna_2024-07-18T18:31:02_0.mcap,4782161250,807.742413,8071,24464,225670,60586,1350,320141
ID_jack_2024-07-18T18:42:01_0.mcap,/srv/data/data.bit-bots.de/ROSbags/robocup_2024/ID_jack_2024-07-18T18:42:01/ID_jack_2024-07-18T18:42:01_0.mcap,256069440,43.044205,431,1305,14197,1401,66,17400
ID_donna_2024-07-19T16:17:13_0.mcap,/srv/data/data.bit-bots.de/ROSbags/robocup_2024/ID_donna_2024-07-19T16:17:13/ID_donna_2024-07-19T16:17:13_0.mcap,4481937619,778.636859,7785,20903,232523,68490,16,329717
ID_donna_2024-07-19T11:30:19_0.mcap,/srv/data/data.bit-bots.de/ROSbags/robocup_2024/ID_donna_2024-07-19T11:30:19/ID_donna_2024-07-19T11:30:19_0.mcap,4847486512,818.370216,8167,24552,227650,86901,1239,348509
ID_jack_2024-07-19T17:58:04_0.mcap,/srv/data/data.bit-bots.de/ROSbags/robocup_2024/ID_jack_2024-07-19T17:58:04/ID_jack_2024-07-19T17:58:04_0.mcap,1122783559,191.904575,1915,5653,61152,13523,315,82558
ID_donna_2024-07-18T19:28:32_0.mcap,/srv/data/data.bit-bots.de/ROSbags/robocup_2024/ID_donna_2024-07-18T19:28:32/ID_donna_2024-07-18T19:28:32_0.mcap,1534898148,286.211011,2847,5979,97220,12408,433,118887
ID_jack_2024-07-18T18:47:57_0.mcap,/srv/data/data.bit-bots.de/ROSbags/robocup_2024/ID_jack_2024-07-18T18:47:57/ID_jack_2024-07-18T18:47:57_0.mcap,1288114849,223.820623,2224,6735,70764,8917,343,88983
ID_jack_2024-07-20T15:56:08_0.mcap,/srv/data/data.bit-bots.de/ROSbags/robocup_2024/ID_jack_2024-07-20T15:56:08/ID_jack_2024-07-20T15:56:08_0.mcap,2785842711,472.662643,4705,14177,157451,14047,894,191274
ID_rory_2024-07-20T15:27:30_0.mcap,/srv/data/data.bit-bots.de/ROSbags/robocup_2024/ID_rory_2024-07-20T15:27:30/ID_rory_2024-07-20T15:27:30_0.mcap,2044686560,343.263891,3431,10389,123193,29600,640,167253
ID_rory_2024-07-18T13:52:36_0.mcap,/srv/data/data.bit-bots.de/ROSbags/robocup_2024/ID_rory_2024-07-18T13:52:36/ID_rory_2024-07-18T13:52:36_0.mcap,227527605,39.836062,395,1189,16533,1203,42,19362
ID_jack_2024-07-18T18:38:45_0.mcap,/srv/data/data.bit-bots.de/ROSbags/robocup_2024/ID_jack_2024-07-18T18:38:45/ID_jack_2024-07-18T18:38:45_0.mcap,569266283,97.951616,961,2918,32989,4632,149,41649
ID_donna_2024-07-18T18_47_16_0.mcap,/srv/data/data.bit-bots.de/ROSbags/robocup_2024/ID_donna_2024-07-18T18:47:16/ID_donna_2024-07-18T18_47_16_0.mcap,5403733752,909.863546,9075,27532,251413,91718,1448,381186
ID_rory_2024-07-20T15:45:49_0.mcap,/srv/data/data.bit-bots.de/ROSbags/robocup_2024/ID_rory_2024-07-20T15:45:49/ID_rory_2024-07-20T15:45:49_0.mcap,6208342819,1046.317537,10436,31499,381361,83928,1980,509204
ID_rory_2024-07-20T15:34:27_0.mcap,/srv/data/data.bit-bots.de/ROSbags/robocup_2024/ID_rory_2024-07-20T15:34:27/ID_rory_2024-07-20T15:34:27_0.mcap,1225563757,219.325031,2064,6048,87140,15276,414,110942
ID_amy_2024-07-18T10:26:27_0.mcap,/srv/data/data.bit-bots.de/ROSbags/robocup_2024/ID_amy_2024-07-18T10:26:27/ID_amy_2024-07-18T10:26:27_0.mcap,1679162016,284.671149,2838,8590,80757,10373,461,103019
ID_jack_2024-07-19T11:47:41_0.mcap,/srv/data/data.bit-bots.de/ROSbags/robocup_2024/ID_jack_2024-07-19T11:47:41/ID_jack_2024-07-19T11:47:41_0.mcap,4477545489,760.291409,7587,22714,250432,47818,995,329546
ID_rory_2024-07-19T17:45:15_0.mcap,/srv/data/data.bit-bots.de/ROSbags/robocup_2024/ID_rory_2024-07-19T17:45:15/ID_rory_2024-07-19T17:45:15_0.mcap,9971871251,1903.966492,19021,33990,804510,84391,3296,945208
ID_donna_2024-07-18T19:48:52_0.mcap,/srv/data/data.bit-bots.de/ROSbags/robocup_2024/ID_donna_2024-07-18T19:48:52/ID_donna_2024-07-18T19:48:52_0.mcap,3725641172,627.522371,6257,18976,173575,77755,1206,277769
ID_donna_2024-07-19T17:11:35_0.mcap,/srv/data/data.bit-bots.de/ROSbags/robocup_2024/ID_donna_2024-07-19T17:11:35/ID_donna_2024-07-19T17:11:35_0.mcap,880657275,150.60607,1489,9040,41372,10752,3,62656
ID_rory_2024-07-19T17:27:54_0.mcap,/srv/data/data.bit-bots.de/ROSbags/robocup_2024/ID_rory_2024-07-19T17:27:54/ID_rory_2024-07-19T17:27:54_0.mcap,4922398895,848.398491,8467,25084,313302,57498,1613,405964
ID_jack_2024-07-19T11:29:50_0.mcap,/srv/data/data.bit-bots.de/ROSbags/robocup_2024/ID_jack_2024-07-19T11:29:50/ID_jack_2024-07-19T11:29:50_0.mcap,314537850,54.883329,530,1598,17453,1315,16,20912
ID_donna_2024-07-18T15:29:51_0.mcap,/srv/data/data.bit-bots.de/ROSbags/robocup_2024/ID_donna_2024-07-18T15:29:51/ID_donna_2024-07-18T15:29:51_0.mcap,1009634155,191.532538,1726,5400,57349,13593,360,78428
ID_donna_2024-07-19T17:05:54_0.mcap,/srv/data/data.bit-bots.de/ROSbags/robocup_2024/ID_donna_2024-07-19T17:05:54/ID_donna_2024-07-19T17:05:54_0.mcap,502812965,87.8219,856,2601,24385,1876,1,29719
ID_jack_2024-07-20T15:27:14_0.mcap,/srv/data/data.bit-bots.de/ROSbags/robocup_2024/ID_jack_2024-07-20T15:27:14/ID_jack_2024-07-20T15:27:14_0.mcap,1407732999,238.856775,2384,7228,79518,12359,445,101934
ID_donna_2024-07-20T15:26:55_0.mcap,/srv/data/data.bit-bots.de/ROSbags/robocup_2024/ID_donna_2024-07-20T15:26:55/ID_donna_2024-07-20T15:26:55_0.mcap,4690844678,1328.308035,8319,32363,420297,69109,2499,532587
ID_jack_2024-07-18T19:56:19_0.mcap,/srv/data/data.bit-bots.de/ROSbags/robocup_2024/ID_jack_2024-07-18T19:56:19/ID_jack_2024-07-18T19:56:19_0.mcap,737387576,127.977935,1246,3746,27946,8453,173,41564
ID_rory_2024-07-18T10:50:54_0.mcap,/srv/data/data.bit-bots.de/ROSbags/robocup_2024/ID_rory_2024-07-18T10:50:54/ID_rory_2024-07-18T10:50:54_0.mcap,2235822165,377.547782,3754,11410,136152,41498,676,193490
ID_donna_2024-07-20T15:49:20_0.mcap,/srv/data/data.bit-bots.de/ROSbags/robocup_2024/ID_donna_2024-07-20T15:49:20/ID_donna_2024-07-20T15:49:20_0.mcap,829094201,152.009072,1481,3663,41924,3928,292,51288
ID_donna_2024-07-19T17:45:13_0.mcap,/srv/data/data.bit-bots.de/ROSbags/robocup_2024/ID_donna_2024-07-19T17:45:13/ID_donna_2024-07-19T17:45:13_0.mcap,4505198438,802.05883,7970,20529,246796,59169,1330,335794
ID_jack_2024-07-19T18:01:33_0.mcap,/srv/data/data.bit-bots.de/ROSbags/robocup_2024/ID_jack_2024-07-19T18:01:33/ID_jack_2024-07-19T18:01:33_0.mcap,198982162,35.146186,349,1049,10666,1048,48,13160
ID_donna_2024-07-18T15:21:13_0.mcap,/srv/data/data.bit-bots.de/ROSbags/robocup_2024/ID_donna_2024-07-18T15:21:13/ID_donna_2024-07-18T15:21:13_0.mcap,2384914483,462.736454,4010,13982,129227,48359,864,196442
ID_jack_2024-07-20T11:19:40_0.mcap,/srv/data/data.bit-bots.de/ROSbags/robocup_2024/ID_jack_2024-07-20T11:19:40/ID_jack_2024-07-20T11:19:40_0.mcap,1857667130,313.165768,3119,9473,100838,32138,8,145576
ID_jack_2024-07-17T18:34:41_0.mcap,/srv/data/data.bit-bots.de/ROSbags/robocup_2024/ID_jack_2024-07-17T18:34:41/ID_jack_2024-07-17T18:34:41_0.mcap,5278584996,906.990968,9048,25284,179544,57636,1707,273219
ID_jack_2024-07-18T19:51:25_0.mcap,/srv/data/data.bit-bots.de/ROSbags/robocup_2024/ID_jack_2024-07-18T19:51:25/ID_jack_2024-07-18T19:51:25_0.mcap,749376507,129.411914,1266,3835,28127,7492,187,40907
ID_amy_2024-07-18T10:32:52_0.mcap,/srv/data/data.bit-bots.de/ROSbags/robocup_2024/ID_amy_2024-07-18T10:32:52/ID_amy_2024-07-18T10:32:52_0.mcap,1956088731,344.510585,3295,10088,117523,18569,439,149914
ID_jack_2024-07-17T15:35:46_0.mcap,/srv/data/data.bit-bots.de/ROSbags/robocup_2024/ID_jack_2024-07-17T15:35:46/ID_jack_2024-07-17T15:35:46_0.mcap,369470583,63.770792,627,1843,3,497,73,3043
ID_jack_2024-07-20T15:48:43_0.mcap,/srv/data/data.bit-bots.de/ROSbags/robocup_2024/ID_jack_2024-07-20T15:48:43/ID_jack_2024-07-20T15:48:43_0.mcap,1583632709,282.45081,2691,5904,79510,12933,525,101563
ID_donna_2024-07-19T17:35:46_0.mcap,/srv/data/data.bit-bots.de/ROSbags/robocup_2024/ID_donna_2024-07-19T17:35:46/ID_donna_2024-07-19T17:35:46_0.mcap,2246917040,392.261814,3928,10949,115042,38071,727,168717
ID_donna_2024-07-19T18:00:20_0.mcap,/srv/data/data.bit-bots.de/ROSbags/robocup_2024/ID_donna_2024-07-19T18:00:20/ID_donna_2024-07-19T18:00:20_0.mcap,1501052682,285.274424,2843,6398,93821,15964,451,119477
ID_jack_2024-07-18T19:28:29_0.mcap,/srv/data/data.bit-bots.de/ROSbags/robocup_2024/ID_jack_2024-07-18T19:28:29/ID_jack_2024-07-18T19:28:29_0.mcap,3371444918,569.347083,5695,17140,121907,57180,925,202847
ID_jack_2024-07-18T19:46:13_0.mcap,/srv/data/data.bit-bots.de/ROSbags/robocup_2024/ID_jack_2024-07-18T19:46:13/ID_jack_2024-07-18T19:46:13_0.mcap,1672832706,288.332252,2868,8349,62824,15881,476,90398
ID_jack_2024-07-18T19:38:20_0.mcap,/srv/data/data.bit-bots.de/ROSbags/robocup_2024/ID_jack_2024-07-18T19:38:20/ID_jack_2024-07-18T19:38:20_0.mcap,1298229200,223.010486,2220,6304,47347,15500,347,71718
ID_rory_2024-07-17T19:16:57_0.mcap,/srv/data/data.bit-bots.de/ROSbags/robocup_2024/ID_rory_2024-07-17T19:16:57/ID_rory_2024-07-17T19:16:57_0.mcap,5226191037,895.72841,8954,27104,211636,86922,1352,335968
ID_donna_2024-07-18T15:00:02_0.mcap,/srv/data/data.bit-bots.de/ROSbags/robocup_2024/ID_donna_2024-07-18T15:00:02/ID_donna_2024-07-18T15:00:02_0.mcap,6032026762,1048.186623,10254,30473,300643,90644,1927,433941
ID_jack_2024-07-18T18:31:03_0.mcap,/srv/data/data.bit-bots.de/ROSbags/robocup_2024/ID_jack_2024-07-18T18:31:03/ID_jack_2024-07-18T18:31:03_0.mcap,1948963515,330.896838,3293,9930,103154,25253,536,142166
ID_rory_2024-07-20T15:40:46_0.mcap,/srv/data/data.bit-bots.de/ROSbags/robocup_2024/ID_rory_2024-07-20T15:40:46/ID_rory_2024-07-20T15:40:46_0.mcap,619697199,108.701322,1084,899,52252,2642,200,57077
ID_jack_2024-07-20T15:47:38_0.mcap,/srv/data/data.bit-bots.de/ROSbags/robocup_2024/ID_jack_2024-07-20T15:47:38/ID_jack_2024-07-20T15:47:38_0.mcap,282981502,47.663031,477,1438,16830,1432,8,20185
ID_jack_2024-07-19T17:46:07_0.mcap,/srv/data/data.bit-bots.de/ROSbags/robocup_2024/ID_jack_2024-07-19T17:46:07/ID_jack_2024-07-19T17:46:07_0.mcap,4094627312,699.24438,6974,21093,227144,66500,1240,322951
ID_rory_2025-03-16T14:02:56_0.mcap,/srv/data/data.bit-bots.de/ROSbags/german_open_2025/original_untrimmed/ID_rory_2025-03-16T14:02:56/ID_rory_2025-03-16T14:02:56_0.mcap,21085052769,3791.524157,37901,923823,1447970,62457,5053,2477204
ID_jack_2025-03-16T13:31:07_0.mcap,/srv/data/data.bit-bots.de/ROSbags/german_open_2025/original_untrimmed/ID_jack_2025-03-16T13:31:07/ID_jack_2025-03-16T13:31:07_0.mcap,3573370558,609.944277,6076,121759,140878,26689,1105,296507
ID_jack_2025-03-15T14:26:56_0.mcap,/srv/data/data.bit-bots.de/ROSbags/german_open_2025/original_untrimmed/ID_jack_2025-03-15T14:26:56/ID_jack_2025-03-15T14:26:56_0.mcap,3638243746,613.749612,6137,128068,134014,36824,1040,306083
ID_rory_2025-03-15T10:33:39_0.mcap,/srv/data/data.bit-bots.de/ROSbags/german_open_2025/original_untrimmed/ID_rory_2025-03-15T10:33:39/ID_rory_2025-03-15T10:33:39_0.mcap,3102420607,532.240114,5325,101025,143613,42849,919,293731
ID_jack_2025-03-16T14:00:41_0.mcap,/srv/data/data.bit-bots.de/ROSbags/german_open_2025/original_untrimmed/ID_jack_2025-03-16T14:00:41/ID_jack_2025-03-16T14:00:41_0.mcap,4603026327,1032.72703,10325,328021,330028,47007,1953,717334
ID_rory_2025-03-13T10:36:24_0.mcap,/srv/data/data.bit-bots.de/ROSbags/german_open_2025/original_untrimmed/ID_rory_2025-03-13T10:36:24/ID_rory_2025-03-13T10:36:24_0.mcap,1490092216,255.989824,2536,59357,59157,15001,499,136550
ID_donna_2025-03-14T10:30:45_0.mcap,/srv/data/data.bit-bots.de/ROSbags/german_open_2025/original_untrimmed/ID_donna_2025-03-14T10:30:45/ID_donna_2025-03-14T10:30:45_0.mcap,4834163501,894.505932,8932,297747,312329,70212,1508,690728
ID_donna_2025-03-15T10:45:35_0.mcap,/srv/data/data.bit-bots.de/ROSbags/german_open_2025/original_untrimmed/ID_donna_2025-03-15T10:45:35/ID_donna_2025-03-15T10:45:35_0.mcap,4641220204,809.988557,8103,188122,318498,50653,1391,566767
ID_jack_2025-03-13T14:27:07_0.mcap,/srv/data/data.bit-bots.de/ROSbags/german_open_2025/original_untrimmed/ID_jack_2025-03-13T14:27:07/ID_jack_2025-03-13T14:27:07_0.mcap,2198587977,375.281453,3744,85002,85066,9592,734,184138
ID_rory_2025-03-15T10:54:47_0.mcap,/srv/data/data.bit-bots.de/ROSbags/german_open_2025/original_untrimmed/ID_rory_2025-03-15T10:54:47/ID_rory_2025-03-15T10:54:47_0.mcap,1205860323,203.366759,2030,59027,64319,16514,332,142222
ID_jack_2025-03-14T10:48:41_0.mcap,/srv/data/data.bit-bots.de/ROSbags/german_open_2025/original_untrimmed/ID_jack_2025-03-14T10:48:41/ID_jack_2025-03-14T10:48:41_0.mcap,2291665896,407.566198,4060,78964,91422,21919,718,197083
ID_rory_2025-03-13T14:35:03_0.mcap,/srv/data/data.bit-bots.de/ROSbags/german_open_2025/original_untrimmed/ID_rory_2025-03-13T14:35:03/ID_rory_2025-03-13T14:35:03_0.mcap,3791899188,653.871206,6543,125533,167571,63233,1250,364130
ID_jack_2025-03-15T14:37:32_0.mcap,/srv/data/data.bit-bots.de/ROSbags/german_open_2025/original_untrimmed/ID_jack_2025-03-15T14:37:32/ID_jack_2025-03-15T14:37:32_0.mcap,1501644206,252.127192,2522,73723,73601,15168,473,165487
ID_rory_2025-03-14T14:29:39_0.mcap,/srv/data/data.bit-bots.de/ROSbags/german_open_2025/original_untrimmed/ID_rory_2025-03-14T14:29:39/ID_rory_2025-03-14T14:29:39_0.mcap,2667380570,452.96455,4522,102729,102718,26918,855,237742
ID_donna_2025-03-15T13:38:02_0.mcap,/srv/data/data.bit-bots.de/ROSbags/german_open_2025/original_untrimmed/ID_donna_2025-03-15T13:38:02/ID_donna_2025-03-15T13:38:02_0.mcap,4403822585,751.451456,7515,91878,335177,15672,956,451198
ID_donna_2025-03-15T14:26:11_0.mcap,/srv/data/data.bit-bots.de/ROSbags/german_open_2025/original_untrimmed/ID_donna_2025-03-15T14:26:11/ID_donna_2025-03-15T14:26:11_0.mcap,6459465308,1099.851133,10993,319931,402160,79512,1836,814432
ID_rory_2025-03-16T13:32:25_0.mcap,/srv/data/data.bit-bots.de/ROSbags/german_open_2025/original_untrimmed/ID_rory_2025-03-16T13:32:25/ID_rory_2025-03-16T13:32:25_0.mcap,7001448199,1228.667632,12282,221962,348312,67418,2177,652151
ID_jack_2025-03-16T13:51:45_0.mcap,/srv/data/data.bit-bots.de/ROSbags/german_open_2025/original_untrimmed/ID_jack_2025-03-16T13:51:45/ID_jack_2025-03-16T13:51:45_0.mcap,2400652537,405.650965,4048,139001,138530,29775,734,312088
ID_rory_2025-03-16T13:53:40_0.mcap,/srv/data/data.bit-bots.de/ROSbags/german_open_2025/original_untrimmed/ID_rory_2025-03-16T13:53:40/ID_rory_2025-03-16T13:53:40_0.mcap,3181533656,536.31545,5343,180722,185745,37827,972,410609
ID_donna_2025-03-14T14:50:56_0.mcap,/srv/data/data.bit-bots.de/ROSbags/german_open_2025/original_untrimmed/ID_donna_2025-03-14T14:50:56/ID_donna_2025-03-14T14:50:56_0.mcap,4834018296,814.863283,8147,277252,282094,74352,1327,643172
ID_jack_2025-03-16T13:41:43_0.mcap,/srv/data/data.bit-bots.de/ROSbags/german_open_2025/original_untrimmed/ID_jack_2025-03-16T13:41:43/ID_jack_2025-03-16T13:41:43_0.mcap,2295754816,384.367864,3828,124777,124994,43333,653,297585
ID_donna_2025-03-16T13:50:58_0.mcap,/srv/data/data.bit-bots.de/ROSbags/german_open_2025/original_untrimmed/ID_donna_2025-03-16T13:50:58/ID_donna_2025-03-16T13:50:58_0.mcap,16978897611,4598.725709,45987,1464038,1631864,163993,6284,3312166
ID_jack_2025-03-15T14:47:59_0.mcap,/srv/data/data.bit-bots.de/ROSbags/german_open_2025/original_untrimmed/ID_jack_2025-03-15T14:47:59/ID_jack_2025-03-15T14:47:59_0.mcap,4659363671,780.857843,7802,240676,246008,86193,1303,581982
ID_rory_2025-03-13T10:53:00_0.mcap,/srv/data/data.bit-bots.de/ROSbags/german_open_2025/original_untrimmed/ID_rory_2025-03-13T10:53:00/ID_rory_2025-03-13T10:53:00_0.mcap,7291641348,1290.537316,12907,173935,424656,64181,2271,677950
ID_rory_2025-03-13T14:48:56_0.mcap,/srv/data/data.bit-bots.de/ROSbags/german_open_2025/original_untrimmed/ID_rory_2025-03-13T14:48:56/ID_rory_2025-03-13T14:48:56_0.mcap,1304647982,220.33467,2199,50878,50941,12454,416,116888
ID_jack_2025-03-13T14:49:56_0.mcap,/srv/data/data.bit-bots.de/ROSbags/german_open_2025/original_untrimmed/ID_jack_2025-03-13T14:49:56/ID_jack_2025-03-13T14:49:56_0.mcap,4567438634,768.941289,7669,321281,321574,5437,1495,657456
ID_donna_2025-03-15T10:27:37_0.mcap,/srv/data/data.bit-bots.de/ROSbags/german_open_2025/original_untrimmed/ID_donna_2025-03-15T10:27:37/ID_donna_2025-03-15T10:27:37_0.mcap,6250901966,1059.899044,10562,315368,376728,81531,1853,786042
ID_jack_2025-03-15T13:33:32_0.mcap,/srv/data/data.bit-bots.de/ROSbags/german_open_2025/original_untrimmed/ID_jack_2025-03-15T13:33:32/ID_jack_2025-03-15T13:33:32_0.mcap,6119936027,1036.381852,10361,111224,334636,21589,1411,479221
ID_donna_2025-03-14T14:40:42_0.mcap,/srv/data/data.bit-bots.de/ROSbags/german_open_2025/original_untrimmed/ID_donna_2025-03-14T14:40:42/ID_donna_2025-03-14T14:40:42_0.mcap,2263696346,383.138529,3831,120613,136107,37225,673,298449
